<?xml version="1.0" encoding="UTF-8"?>
<project-private xmlns="http://www.netbeans.org/ns/project-private/1">
    <editor-bookmarks xmlns="http://www.netbeans.org/ns/editor-bookmarks/2" lastBookmarkId="0"/>
    <open-files xmlns="http://www.netbeans.org/ns/projectui-open-files/2">
        <group>
            <file>file:/C:/Users/LaFLDSMDFR/Documents/NetBeansProjects/Restaurante/src/restaurante/Decoracion.java</file>
            <file>file:/C:/Users/LaFLDSMDFR/Documents/NetBeansProjects/Restaurante/src/restaurante/Entrada.java</file>
            <file>file:/C:/Users/LaFLDSMDFR/Documents/NetBeansProjects/Restaurante/src/restaurante/PlatoDuplicadoException.java</file>
            <file>file:/C:/Users/LaFLDSMDFR/Documents/NetBeansProjects/Restaurante/src/restaurante/PlatoPrincipal.java</file>
            <file>file:/C:/Users/LaFLDSMDFR/Documents/NetBeansProjects/Restaurante/src/restaurante/Postre.java</file>
            <file>file:/C:/Users/LaFLDSMDFR/Documents/NetBeansProjects/Restaurante/src/restaurante/Preparacion.java</file>
            <file>file:/C:/Users/LaFLDSMDFR/Documents/NetBeansProjects/Restaurante/src/restaurante/Restaurante.java</file>
            <file>file:/C:/Users/LaFLDSMDFR/Documents/NetBeansProjects/Restaurante/src/restaurante/TipoPreparacion.java</file>
            <file>file:/C:/Users/LaFLDSMDFR/Documents/NetBeansProjects/Restaurante/src/restaurante/platillo.java</file>
        </group>
    </open-files>
</project-private>
